{
  "Netherlands": {"W":  3.358333, "E": 7.227778, "S":  50.750417, "N": 53.465556}
}
